id;iata_code;aircraft_name;plane_type_id
1;100;Fokker 100;1
2;141;British Aerospace BAe 146-100;2
3;142;British Aerospace BAe 146-200;3
4;143;British Aerospace BAe 146-300;4
5;146;British Aerospace BAe 146;5
6;14F;British Aerospace BAe 146 Freighter;6
7;14X;British Aerospace BAe 146-100QT/QC;7
8;14Y;British Aerospace BAe 146-200QT/QC;8
9;14Z;British Aerospace BAe 146-300QT/QC;9
10;310;Airbus Industrie A310;10
11;312;Airbus Industrie A310-200;11
12;313;Airbus Industrie A310-300;12
13;318;Airbus Industrie A318;13
14;319;Airbus Industrie A319;14
15;31F;Airbus Industrie A310 Freighter;15
16;31X;Airbus Industrie A310-200 Freighter;16
17;31Y;Airbus Industrie A310-300 Freighter;17
18;320;Airbus Industrie A320;18
19;321;Airbus Industrie A321;19
20;32S;Airbus Industrie A318/319/320/321;20
21;330;Airbus Industrie A330;21
22;332;Airbus Industrie A330-200;22
23;333;Airbus Industrie A330-300;23
24;340;Airbus Industrie A340;24
25;342;Airbus Industrie A340-200;25
26;343;Airbus Industrie A340-300;26
27;345;Airbus Industrie A340-500;27
28;346;Airbus Industrie A340-600;28
29;380;Airbus Industrie A380;29
30;388;Airbus Industrie A380-800;30
31;38F;Airbus Industrie A380 Freighter;31
32;703;Boeing 707-300;32
33;707;Boeing 707/720;33
34;70F;Boeing 707-300 Freighter;34
35;70M;Boeing 707-300 Combi;35
36;717;Boeing 717-200;36
37;721;Boeing 727-100;37
38;722;Boeing 727-200;38
39;727;Boeing 727;39
40;72A;Boeing 727-200 Advanced;40
41;72B;Boeing 727-100 Combi;41
42;72C;Boeing 727-200 Combi;42
43;72F;Boeing 727 Freighter;43
44;72M;Boeing 727 Combi;44
45;72S;Boeing 727-200;45
46;72X;Boeing 727-100 Freighter;46
47;72Y;Boeing 727-200 Freighter;47
48;731;Boeing 737-100;48
49;732;Boeing 737-200;49
50;733;Boeing 737-300;50
51;734;Boeing 737-400;51
52;735;Boeing 737-500;52
53;736;Boeing 737-600;53
54;737;Boeing 737;54
55;738;Boeing 737-800;55
56;739;Boeing 737-900;56
57;73A;Boeing 737-200/200C Advanced;57
58;73C;Boeing 737-300;58
59;73E;Boeing 737-900ER;59
60;73F;Boeing 737 Freighter;60
61;73G;Boeing 737-700;61
62;73H;Boeing 737-800 With Winglets;62
63;73J;Boeing 737-900 With Winglets;63
64;73M;Boeing 737-200 Combi;64
65;73N;Boeing 737-300 Mixed Config;65
66;73P;Boeing 737-400 Freighter;66
67;73Q;Boeing 737-400 Mixed Config;67
68;73S;Boeing 737 Advanced;68
69;73W;Boeing 737-700 With Winglets;69
70;73X;Boeing 737-200 Freighter;70
71;73Y;Boeing 737-300 Freighter;71
72;741;Boeing 747-100;72
73;742;Boeing 747-200;73
74;743;Boeing 747-300 (including -100SUD and -200SUD);74
75;744;Boeing 747-400;75
76;747;Boeing 747;76
77;74C;Boeing 747-200 Combi;77
78;74D;Boeing 747-300 Combi (including -200SUD);78
79;74E;Boeing 747-400 Combi;79
80;74F;Boeing 747 Freighter;80
81;74J;Boeing 747-400 Domestic;81
82;74L;Boeing 747SP;82
83;74M;Boeing 747 Combi;83
84;74T;Boeing 747-100 Freighter;84
85;74U;Boeing 747-300 Freighter;85
86;74V;Boeing 747SR Freighter;86
87;74X;Boeing 747-200 Freighter;87
88;74Y;Boeing 747-400 Freighter;88
89;752;Boeing 757-200;89
90;753;Boeing 757-300;90
91;757;Boeing 757;91
92;75F;Boeing 757-200 Freighter;92
93;75M;Boeing 757-200 Combi;93
94;75W;Boeing 757-200 With Winglets;94
95;762;Boeing 767-200;95
96;763;Boeing 767-300;96
97;764;Boeing 767-400;97
98;767;Boeing 767;98
99;76F;Boeing 767 Freighter;99
100;76X;Boeing 767-200 Freighter;100
101;76Y;Boeing 767-300 Freighter;101
102;772;Boeing 777-200/200ER;102
103;773;Boeing 777-300;103
104;777;Boeing 777;104
105;77L;Boeing 777-200LR;105
106;77W;Boeing 777-300ER;106
107;A26;Antonov An-26;107
108;A28;Antonov An-28;108
109;A30;Antonov An-30;109
110;A32;Antonov An-32;110
111;A40;Antonov An-140;111
112;A4F;Antonov An-124 Ruslan;112
113;A81;Antonov An-148-100;113
114;AB3;Airbus Industrie A300;114
115;AB4;Airbus Industrie A300B2/B4/C4;115
116;AB6;Airbus Industrie A300-600;116
117;ABB;Airbus Industrie A300-600ST Beluga;117
118;ABF;Airbus Industrie A300 Freighter;118
119;ABX;Airbus Industrie A300B4/C4/F4 Freighter;119
120;ABY;Airbus Industrie A300-600 Freighter;120
121;ACD;Twin Aero Commander/Turbo/Jetprop;121
122;AGH;Agusta A109;122
123;AN4;Antonov An-24;123
124;AN6;Antonov An-26/30/32;124
125;AN7;Antonov An-72/74;125
126;ANF;Antonov An-12;126
127;AR1;Avro RJ100 Avroliner;127
128;AR7;Avro RJ70 Avroliner;128
129;AR8;Avro RJ85 Avroliner;129
130;ARJ;Avro RJ Avroliner;130
131;ARX;Avro RJX;131
132;AT4;Aerospatiale/Alenia ATR 42-300/320;132
133;AT5;Aerospatiale/Alenia ATR 42-500;133
134;AT7;Aerospatiale/Alenia ATR 72;134
135;ATP;British Aerospace ATP;135
136;ATR;Aerospatiale/Alenia ATR;136
137;AX1;Avro RJX100;137
138;AX8;Avro RJX85;138
139;B11;British Aerospace BAC One Eleven;139
140;B12;British Aerospace BAC One Eleven 200;140
141;B13;British Aerospace BAC One Eleven 300;141
142;B14;British Aerospace BAC One Eleven 400;142
143;B15;British Aerospace BAC One Eleven 500;143
144;B72;Boeing 720B;144
145;BE1;Beechcraft Beech 1900;145
146;BE2;Beechcraft twin piston;146
147;BE9;Beechcraft Airliner 99;147
148;BEC;Beechcraft Light Aircraft;148
149;BEH;Beechcraft Beech 1900D;149
150;BES;Beechcraft Beech 1900C;150
151;BET;Beechcraft Light Aircraft Twin Prop;151
152;BH2;Bell Helicopters;152
153;BNI;Pilatus Britten-Norman BN-2A/B;153
154;BNT;Pilatus Britten-Norman BN-2A Trislander;154
155;BUS;Non Aircraft - Bus;155
156;CCJ;Canadair Challenger;156
157;CD2;Government Aircraft Factories N22B/N24A Nomad;157
158;CN1;Cessna light aircraft - single piston engine;158
159;CNA;Cessna Light Aircraft;159
160;CNC;Cessna light aircraft - single turboprop engine;160
161;CNJ;Cessna Citation;161
162;CNT;Cessna light aircraft - twin turboprop engines;162
163;CR1;Canadair Regional Jet 100;163
164;CR2;Canadair Regional Jet 200;164
165;CR7;Canadair Regional Jet 700;165
166;CR9;Canadair Regional Jet 900;166
167;CRA;Canadair Regional Jet 705;167
168;CRJ;Canadair Regional Jet;168
169;CRV;Aerospatiale/SUD SE210 Caravelle;169
170;CS2;CASA/IPTN CN-212 Aviocar;170
171;CS5;CASA/IPTN CN-235;171
172;CV5;Convair 580;172
173;CVF;Convair 580/600/640 Freighter;173
174;CVR;Convair 240/440/580;174
175;CWC;Curtiss C-46 Commando;175
176;D10;Boeing/McDonnell Douglas DC-10;176
177;D11;Boeing/McDonnell Douglas DC-10-10/15;177
178;D1C;Boeing/McDonnell Douglas DC-10-30/40;178
179;D1F;Boeing/McDonnell Douglas DC-10 Freighter;179
180;D1X;Boeing/McDonnell Douglas DC-10-10 Freighter;180
181;D1Y;Boeing/McDonnell Douglas DC-10-30/40 Freighter;181
182;D28;Fairchild Dornier Do-228;182
183;D38;Fairchild Dornier Do-328;183
184;D3F;Boeing/Douglas DC-3 Freighter;184
185;D6F;Boeing/Douglas DC-6A/B/C Freighter;185
186;D8F;Boeing/McDonnell Douglas DC-8 Freighter;186
187;D8L;Boeing/McDonnell Douglas DC-8-62;187
188;D8M;Boeing/McDonnell Douglas DC-8 Combi;188
189;D8Q;Boeing/McDonnell Douglas DC-8-72;189
190;D8T;Boeing/McDonnell Douglas DC-8-50 Freighter;190
191;D8X;Boeing/McDonnell Douglas DC-8-61/62/63 Freighter;191
192;D8Y;Boeing/McDonnell Douglas DC-8-71/72/73 Freighter;192
193;D91;Boeing/McDonnell Douglas DC-9-10;193
194;D92;Boeing/McDonnell Douglas DC-9-20;194
195;D93;Boeing/McDonnell Douglas DC-9-30;195
196;D94;Boeing/McDonnell Douglas DC-9-40;196
197;D95;Boeing/McDonnell Douglas DC-9-50;197
198;D9C;Boeing/McDonnell Douglas DC-9-30 Freighter;198
199;D9F;Boeing/McDonnell Douglas DC-9-40 Freighter;199
200;D9S;Boeing/McDonnell Douglas DC-9-30/40/50;200
201;D9X;Boeing/McDonnell Douglas DC-9-10 Freighter;201
202;DC3;Boeing/Douglas DC-3;202
203;DC6;Boeing/Douglas DC-6;203
204;DC8;Boeing/McDonnell Douglas DC-8;204
205;DC9;Boeing/McDonnell Douglas DC-9;205
206;DCF;Boeing/McDonnell Douglas DC-9 Freighter;206
207;DH1;De Havilland Canada DHC-8-100 Dash 8/8Q;207
208;DH2;De Havilland Canada DHC-8-200 Dash 8/8Q;208
209;DH3;De Havilland Canada DHC-8-300 Dash 8/8Q;209
210;DH4;De Havilland Canada DHC-8-400 Dash 8/8Q;210
211;DH7;De Havilland Canada DHC-7 Dash 7;211
212;DH8;De Havilland Canada DHC-8 Dash 8 All S.;212
213;DHC;De Havilland Canada DHC-4 Caribou;213
214;DHL;De Havilland Canada DHC-3 Turbo Otter;214
215;DHP;De Havilland Canada DHC-2 Beaver;215
216;DHS;De Havilland Canada DHC-3 Otter;216
217;DHT;De Havilland Canada DHC-6 Twin Otter;217
218;E70;Embraer ERJ-170;218
219;E75;Embraer ERJ-175;219
220;E90;Embraer ERJ-190;220
221;E95;Embraer ERJ-195;221
222;EM2;Embraer EMB-120 Brasilia;222
223;EM9;Embraer E190;223
224;EMB;Embraer EMB-110 Bandeirante;224
225;EMJ;Embraer ERJ-170/190;225
226;ER3;Embraer ERJ-135 Regional Jet;226
227;ER4;Embraer ERJ-145 Regional Jet;227
228;ERD;Embraer ERJ-140 Regional Jet;228
229;ERJ;Embraer ERJ-135/140/145 Regional Jet;229
230;F21;Fokker F28 Fellowship 1000;230
231;F22;Fokker F28 Fellowship 2000;231
232;F23;Fokker F28 Fellowship 3000;232
233;F24;Fokker F28 Fellowship 4000;233
234;F27;Fokker F27 Friendship/Fairchild F27;234
235;F28;Fokker F28 Fellowship;235
236;F50;Fokker 50;236
237;F70;Fokker 70;237
238;FA7;Fairchild Dornier 728JET;238
239;FK7;Fairchild FH227;239
240;FRJ;Fairchild Dornier 328JET;240
241;GRG;Grumman G-21 Goose;241
242;GRM;Grumman G-73 Turbo Mallard;242
243;HEC;Helio H-250 Courier/H-295/395 Super Courier;243
244;HS7;British Aerospace/Hawker Siddeley HS748;244
245;I14;Ilyushin IL-114;245
246;I93;Ilyushin IL-96-300;246
247;I9F;Ilyushin IL-96 Freighter;247
248;I9M;Ilyushin IL-96M;248
249;I9Y;Ilyushin IL-96T;249
250;IL6;Ilyushin IL-62;250
251;IL7;Ilyushin IL-76;251
252;IL8;Ilyushin IL-18;252
253;IL9;Ilyushin IL-96;253
254;ILW;Ilyushin IL-86;254
255;J31;British Aerospace Jetstream 31;255
256;J32;British Aerospace Jetstream 32;256
257;J41;British Aerospace Jetstream 41;257
258;JST;British Aerospace Jetstream 31/32/41;258
259;JU5;Junkers Ju52;259
260;L10;Lockheed L-1011 Tristar;260
261;L11;Lockheed L-1011-1/50/100/150/200/250;261
262;L15;Lockheed L-1011-500 Tristar;262
263;L1F;Lockheed L-1011 Tristar Freighter;263
264;L4T;Let 410 Turbolet;264
265;LCH;Non Aircraft - Launch/Boat;265
266;LMO;Non Aircraft - Limousine;266
267;LOE;Lockheed L-188 Electra;267
268;LOH;Lockheed L-100 Hercules;268
269;LRJ;Learjet;269
270;M11;Boeing/McDonnell Douglas MD-11;270
271;M1F;Boeing/McDonnell Douglas MD-11 Freighter;271
272;M1M;Boeing/McDonnell Douglas MD-11 Combi;272
273;M80;Boeing/McDonnell Douglas MD-80;273
274;M81;Boeing/McDonnell Douglas MD-81;274
275;M82;Boeing/McDonnell Douglas MD-82;275
276;M83;Boeing/McDonnell Douglas MD-83;276
277;M87;Boeing/McDonnell Douglas MD-87;277
278;M88;Boeing/McDonnell Douglas MD-88;278
279;M90;Boeing/McDonnell Douglas MD-90;279
280;MIH;Mil;280
281;MU2;Mitsubishi MU-2;281
282;ND2;Aerospatiale/Nord 262;282
283;NDC;Aerospatiale SN601 Corvette;283
284;NDE;Aerospatiale/Eurocopter Ecureuil AS350/AS355;284
285;PA1;Piper light aircraft - single piston engine;285
286;PA2;Piper light aircraft - twin piston engines;286
287;PAG;Piper Light Aircraft;287
288;PL2;Pilatus PC-12;288
289;PN6;Partenavia P68;289
290;S20;Saab 2000;290
291;S58;Sikorsky S-58T;291
292;S61;Sikorsky S-61;292
293;S76;Sikorsky S-76;293
294;SF3;Saab SF-340;294
295;SFB;Saab SF-340B;295
296;SH3;Shorts SD-330;296
297;SH6;Shorts SD-360;297
298;SSC;Aerospatiale/British Aerospace Concorde (discontinued);298
299;SWM;Fairchild Metro/Merlin;299
300;T20;Tupolev Tu-204/214;300
301;TRN;Non Aircraft - Train;301
302;TU3;Tupolev Tu-134;302
303;TU5;Tupolev Tu-154;303
304;VCV;Vickers Viscount;304
305;WWP;Israel Aircraft Industries 1124 Westwind;305
306;YK2;Yakovlev Yak-42;306
307;YK4;Yakovlev Yak-40;307
308;YN2;Yunshuji Y-12/Xian Y-12;308
309;YN7;Yunshuji Y-7/Harbin Y-7;309
310;YS1;NAMC YS-11;310
