id;tax_id;tax_name;iata_code
1;1;Government Tax;AB
2;2;Value Added Tax;AC
3;3;Passenger Service Charge (International);AE
4;4;Airport Departure Fee (Domestic/International);AF
5;5;Ticket Tax;AG
6;6;Airport Tax;AH
7;7;Baggage Security Screening Fee;AI
8;8;Airport Exit Tax (International);AJ
9;9;Airport Departure Tax (International);AK
10;10;Passenger Service Charge (Domestic/International);AL
11;11;Tax;AM
12;12;Airport Facility Charge (Domestic/International);AN
13;13;Embarkation Tax (International);AO
14;14;Security Charge (Domestic/International);AP
15;15;Ticket Tax;AR
16;16;Passenger Security Charge(Domestic/International);AT
17;17;Passenger Movement Charge;AU
18;18;Tourism Development Tax (International);AV
19;19;Passenger Facility and Security Charge;AW
20;20;Passenger Service Charge (Domestic);AX
21;21;Passenger Civil Aviation Security Service Fee (Domestic/International);AY
22;22;Departure Tax (International);AZ
23;23;Passenger Service Charge (Domestic/International);BA
24;24;Value Added Tax;BB
25;25;Airport Security Charge -(Domestic/International);BC
26;26;Embarkation Fee (Domestic/International);BD
27;27;Passenger Service and Security Charge;BE
28;28;Fiscal Stamp / Security / Sales / Tourism Tax (Domestic/International);BF
29;29;Passenger Charge (Domestic/International);BG
30;30;Government Tax;BH
31;31;Airport Departure Fee (Domestic/International);BK
32;32;Aviation Security Fee;BL
33;33;Government Passenger Tax;BM
34;34;Passenger Services Charge (International);BN
35;35;Sales Tax (Domestic/International);BO
36;36;PSC, Departure Tax and Contribution to International Poverty Eradication ;BP
37;37;Airport Fee;BQ
38;38;Embarkation Tax (Domestic/International);BR
39;39;Ticket Tax (International);BS
40;40;Airport Development Fee;BU
41;41;Departure Tax (Domestic/International);BW
42;42;Security Tax (Domestic/International);BX
43;43;Sales Tax (International);BY
44;44;Ticket Tax;BZ
45;45;Air Travellers Security Charge (Domestic/International);CA
46;46;Passenger Service Charge (Domestic/International);CB
47;47;Cocos Island Passenger Service Charge;CC
48;48;Embarkation / Sales / Tourism Tax (Domestic/International);CD
49;49;Aviation Security Screening Levy (Domestic);CE
50;50;Security Tax;CF
51;51;Sales / Security Tax (Domestic/International);CG
52;52;Airport Passenger Security and Noise Charge (Domestic/International);CH
53;53;Security / Tourism Tax (Domestic/International);CI
54;54;Security Service Charge (Domestic/International);CJ
55;55;Airport Facility Charge (Domestic);CL
56;56;Tax on Value (Domestic/International);CM
57;57;Airport Fee (Domestic/International);CN
58;58;Airport Tax (Domestic/International);CO
59;59;Rehabilitation fund and care of handicapped person;CQ
60;60;Transportation Tax;CR
61;61;Security Tax (Domestic/International);CT
62;62;Airport Embarkation Tax (Domestic/International);CV
63;63;Value Added Tax (Domestic);CW
64;64;Christmas Island Passenger Service Charge (Domestic/International);CX
65;65;Airport Service Charge (International);CY
66;66;Embarkation Tax (Domestic/International);CZ
67;67;Passenger Service Charge (Domestic);DA
68;68;Airport Security Charge;DB
69;69;Security Charge (Domestic/International);DC
70;70;Concourse Fee (Intl);DD
71;71;Airport Security Charge (Domestic/International);DE
72;72;Security Charge (Intl);DF
73;73;Resident Exit Tax (Timbre);DG
74;74;Passenger Facility Charge;DH
75;75;Airport Facilitation Fee (International);DI
76;76;Departure Tax;DJ
77;77;Value Added Tax (Passengers);DL
78;78;Transportation Tax (International);DM
79;79;Value Added Tax (Excess Baggage);DN
80;80;Transportation Tax (Domestic/International);DO
81;81;Goods and Services Tax (GST), (Domestic/International);DP
82;82;Security Charge (Domestic/International);DQ
83;83;Airport Facility Charge (Domestic/International);DR
84;84;Safety Fee (Intl);DS
85;85;Transfer Passenger Fee (Domestic/International);DT
86;86;Embarkation Tax (Domestic/International);DW
87;87;Aeronautical Development Charge (Intl);DX
88;88;Tourism Arrival Tax;DY
89;89;Transportation / Fiscal / Airport Tax;DZ
90;90;Passenger Departure Tax;EA
91;91;Passenger and Safety Charge (Domestic/International);EB
92;92;Government Transportation Tax (Domestic/International);EC
93;93;Tourism Fee (International);ED
94;94;Passenger Service Charge (Domestic/International);EE
95;95;Security Tax (Domestic/International);EF
96;96;Transportation Tax;EG
97;97;VAT Adjustment Tax (Dom);EI
98;98;PTA surcharge (International);EJ
99;99;Passenger Service and Security Fee (Domestic/International);EK
100;100;Airport Improvement Fee;EL
101;101;Airport Service Fee;EM
102;102;Passenger Facility Charge;EN
103;103;Airport Expansion Tax;EO
104;104;Development Tax (International);EP
105;105;Service Charge (Domestic/International);EQ
106;106;Sales Tax (Domestic/International);ER
107;107;Value Added Tax (IVA);ES
108;108;Stamp Duty, International/Domestic Air Travel;ET
109;109;INAC -Civil Aviation Services Improvement Fee (Domestic/International);EU
110;110;Passenger Safety Charge (Domestic/International);EV
111;111;Passenger Facility Fee;EW
112;112;Security Bag Charge (Domestic/International);EX
113;113;Airport Departure Tax;EY
114;114;Airport Security Charge;EZ
115;115;Airport Development Charge;FA
116;116;Airport Enhancement Facilitation Fee (Domestic/International);FB
117;117;Terminal Fee (International);FC
118;118;Tourism Fee (International);FD
119;119;Security Charge (Domestic/International);FE
120;120;Baggage Screening Charge (International);FF
121;121;Passenger Screening Fee (Domestic/International);FG
122;122;Airport Departure Tax (SXM) (Domestic/International);FH
123;123;Passenger Fee (International);FI
124;124;Value Added Tax;FJ
125;125;Passenger Service Charge (Domestic);FL
126;126;Value Added Tax on IT/EX/VT/HB (Dom);FN
127;127;Departure Tax;FO
128;128;Security Control Fee;FP
129;129;Abidjan Municipal Tax (Domestic/International);FQ
130;130;Airport Tax (Domestic/International);FR
131;131;Common Area User Charge (Intl);FS
132;132;Conservation Tax;FU
133;133;Passenger Service Fee;FV
134;134;Security Fee (International);FW
135;135;Security Tax;FX
136;136;Airport Departure Tax;FZ
137;137;Airport Tax -(Domestic/International);GA
138;138;Air Passenger Duty (APD) (Domestic/International);GB
139;139;Terminal Facility Charge (Domestic/International);GC
140;140;Government Ticket Tax;GD
141;141;Passenger Fee (Domestic/International);GE
142;142;Embarkation Tax;GF
143;143;Airport Security Charge(Domestic/International);GG
144;144;Passenger Service Charge (International);GH
145;145;Passenger Service Charge;GI
146;146;Airport Facility Fee (Domestic/International);GJ
147;147;Security Fee (Domestic/International);GK
148;148;Government Sales Tax;GM
149;149;Service Charge (Domestic/International);GN
150;150;Security Facility Maintenance Charge;GO
151;151;Embarkation / Departure Tax;GP
152;152;Departure Tax (Domestic/International);GQ
153;153;Airport Development Charge(Domestic/International);GR
154;154;Customs, Agriculture and Quarantine Inspection Services Charge;GU
155;155;Stamp Tax;GV
156;156;Embarkation / Security / Stamp Tax (Domestic/International);GW
157;157;Terminal Fee (Domestic/International);GX
158;158;Government Sales Tax;GY
159;159;Airport Service Charge (International);GZ
160;160;Tirana Security Charge (International);HA
161;161;Council City Tax (Domestic/International);HB
162;162;Development Charge (Domestic/International);HC
163;163;Safety Charge (Domestic/International);HD
164;164;Airport Development Tax(Domestic/International);HE
165;165;Value Added Tax;HF
166;166;Tourism Enhancement Fee (International);HG
167;167;Passenger Fee (International);HH
168;168;Immigration Processing Fee;HI
169;169;Passenger Facility Charge (Domestic);HJ
170;170;Air Passenger Departure Tax;HK
171;171;Airport Development Charge (International);HL
172;172;Transportation Tax (Domestic/International);HN
173;173;Air Transportation Charge;HO
174;174;Infrastructure Development Charge (Domestic/International);HP
175;175;Embarkation Tax (International);HQ
176;176;Airport Tax (Domestic/International);HR
177;177;Airport Charge (International);HS
178;178;Transportation Tax (Domestic/International);HT
179;179;Airport Departure Tax (Domestic/International);HU
180;180;Passenger Tax (International);HV
181;181;Airport Departure Tax (International);HW
182;182;Safety and Security Fee (Domestic/International);HX
183;183;Aviation Safety Fee (Domestic/International);HY
184;184;Solidarity Tax;HZ
185;185;Passenger Security Charge (international);IA
186;186;Airport Tax (Domestic/International);IB
187;187;Development Charge (international);IC
188;188;Value Added Tax (Domestic);ID
189;189;Airport Departure Tax (international);IF
190;190;Immigration Fee;IG
191;191;Airport Departure Tax (Domestic/International);IH
192;192;Facilitation Charge;II
193;193;Security Charge (International);IJ
194;194;Security Fee (International);IK
195;195;Departure Passenger Airport Tax -(Intl.);IL
196;196;Tourism Contribution Fee (International);IM
197;197;User Development Fee(Domestic/International);IN
198;198;Development Charge (Domestic/International);IP
199;199;Airport Tax (International);IR
200;200;Airport Service Charge (Domestic/International);IS
201;201;Embarkation Tax(Domestic/International);IT
202;202;Passenger Security Charge (International);IU
203;203;Airport Infrastructure Improvement Fee (Domestic);IV
204;204;Airport Improvement Fee (Domestic/International);IW
205;205;Border Crossing Tax (International);IX
206;206;Value Added Tax (Domestic) / Departure Tax (International);IY
207;207;Air Passenger Solidarity Tax (Domestic/International);IZ
208;208;Airport Passenger Security Fee (Domestic/International);JA
209;209;IVA (VAT) ON THE AIRPORT DEPARTURE TAX;JB
210;210;Passenger Service Charge (International);JC
211;211;Departure Charge (Domestic/International);JD
212;212;Passenger Solidarity Fee (International);JE
213;213;Concourse Fee (International);JF
214;214;Passenger Service Charge (International);JG
215;215;Security Fee (International);JH
216;216;Air Passenger Service Charge (APSC) (Domestic/International);JI
217;217;Security fee;JJ
218;218;Departure Fee;JK
219;219;Flight Security Tax;JL
220;220;Stamp Tax (Domestic/International);JM
221;221;Service Tax on Premium class travel;JN
222;222;Ticket Sales Tax (International);JO
223;223;Consumption Tax;JP
224;224;Security Charge -International;JQ
225;225;Solidarity Tax -(Domestic/International);JR
226;226;Tourism Tax;JS
227;227;Promotion of Tourism Tax;JT
228;228;Air Passenger Solidarity Tax (International);JU
229;229;Solidarity Tax (International);JV
230;230;Security Tax (International);JW
231;231;Passenger Service Charge (International);JX
232;232;Value Added Tax (VAT);JY
233;233;Stamp Tax (Domestic/International);JZ
234;234;Flight Security Fee (International);KA
235;235;Tourism Development Levy (International);KB
236;236;Passenger Airport and Security Charge;KC
237;237;Infrastructure Charge;KD
238;238;Passenger Airport Service Charge (Domestic);KE
239;239;Value Added Tax (International);KF
240;240;Civil Aviation Fee;KJ
241;241;Passenger Service Charge (International);KK
242;242;Value Added Tax;KL
243;243;Airport / Security / Stamp Tax (Domestic/International);KM
244;244;Sales Tax (Domestic/International);KN
245;245;Territorial Development Tax;KO
246;246;Passenger Service Charge (International);KP
247;247;Civil Aviation Charge;KQ
248;248;Airport Service Charge (International);KS
249;249;Passenger Service Charge (International);KT
250;250;Municipality Tax;KU
251;251;Air Passenger Tax (Domestic/International);KV
252;252;Airport Departure Tax;KW
253;253;Passenger Service Charge -Domestic;KX
254;254;Departure Tax (International);KY
255;255;Sales Tax (Domestic/International);KZ
256;256;Airport Passenger Service Charge -(Domestic/International);LA
257;257;Beirut Airport Embarkation Tax (International);LB
258;258;Travel Tax;LC
259;259;Passenger Service Charge (Domestic/International);LD
260;260;Passenger Facility Charge;LE
261;261;Passenger Tax -(Domestic/International);LF
262;262;Security Charge -(Domestic/International);LG
263;263;Airport Departure Tax -International;LH
264;264;CAA Regulation Tax;LJ
265;265;Embarkation Tax (CMB);LK
266;266;Security Tax;LL
267;267;Local Administration Tax;LM
268;268;Value Added Tax;LN
269;269;Hold Baggage Screening Fee;LO
270;270;Air Travel Tax (Domestic/International);LQ
271;271;Ticket Tax;LR
272;272;Airport Tax (Domestic/International);LT
273;273;Passenger Service Charge;LU
274;274;Passenger Departure and Security Tax (Domestic/International);LV
275;275;Ticket Tax;LY
276;276;Airport Security / Equipment / Passenger Service / Ticket Stamp Tax;MA
277;277;Airport Development Tax;MD
278;278;Departure Tax (International);ME
279;279;Passenger Tax (Domestic/International);MG
280;280;Passenger Service Charge (Domestic/International);MJ
281;281;Airport Service Tax(Domestic/International);MK
282;282;Ticket Tax (Domestic/International);ML
283;283;Passenger Service Charge;MN
284;284;Airport Security Tax;MO
285;285;Embarkation Tax;MQ
286;286;Embarkation / Fiscal Stamp / Security Tax;MR
287;287;Airport Tax;MT
288;288;Passenger Service Charge (Domestic/International);MU
289;289;Surtax (Dom.);MW
290;290;Transportation / Excess Baggage Ticket Tax;MX
291;291;Passenger Service and Security Charge (Domestic/International);MY
292;292;Value Added Tax (Domestic);MZ
293;293;Passenger Service Charge(Domestic/International);NA
294;294;Passenger Service Charge (Domestic/International);NC
295;295;Fiscal Stamp / Security / Transportation Tax;NE
296;296;Domestic (Australian) Passenger Service Charge;NF
297;297;Sales Tax (Domestic/International);NG
298;298;Sales (Hacienda) Tax -(Domestic/International);NI
299;299;Passenger Service Charge (International);NP
300;300;Tourism Service Fee (International);NQ
301;301;Value Added Tax (VAT) Dom.;NV
302;302;Goods and Services Tax (GST) -Passengers;NZ
303;303;Airline Booking Fees;OA
304;304;Airline Ticketing Fees;OB
305;305;Airline Service Fees;OC
306;306;Passenger Service and Security Charge (International);OI
307;307;Airport Tax;OM
308;308;Passenger Security Service Charge;OO
309;309;Aviation Levy;OP
310;310;Excise Duty Tax;OW
311;311;Air Transport Tax;OY
312;312;Tourism Tax (Domestic/International);PA
313;313;Sales Tax (Domestic/International);PE
314;314;Departure Tax (Domestic/International);PF
315;315;Departure Tax;PG
316;316;Travel / Non-Resident Head Tax;PH
317;317;Excise Duty;PK
318;318;Security Tax (Domestic/International);PT
319;319;Value Added Tax (VAT) Domestic;PV
320;320;Transportation Tax (International);PY
321;321;Airport Fee (Intl);QA
322;322;Value Added Tax (Commercial Entities);QG
323;323;Embarkation Tax;QH
324;324;Noise Levy Tax (Domestic/International);QK
325;325;Airport Service Charge -(Domestic/International);QL
326;326;Service Charge (Domestic);QM
327;327;Gross Receipts Tax (Domestic);QN
328;328;Custom and Immigration Services Tax (International);QO
329;329;Passenger Service Charge -Dom;QR
330;330;Passenger Facility Charge;QS
331;331;Airport Service Charge (Domestic/International);QT
332;332;Passenger Fee (Domestic);QU
333;333;Security Tax (Domestic/International);QV
334;334;Passenger Service Charge -Dom;QW
335;335;Passenger Service Charge -Intl;QX
336;336;Passenger Service Charge (Domestic/International);QY
337;337;Passenger Service Charge (Domestic/International);QZ
338;338;Passenger Service Charge -Intl.;RA
339;339;Passenger Service Charge (International);RB
340;340;Harmonized Sales Tax;RC
341;341;Passenger Service Charge -Dom.;RD
342;342;Embarkation Tax (Intl);RE
343;343;Federal Excise Duty (FED);RG
344;344;Service Charge (Domestic);RH
345;345;Terminal Use Charge (International);RI
346;346;Passenger Service Charge (Domestic/International);RJ
347;347;Security Tax (Domestic/International);RK
348;348;Embarkation Tax (International);RL
349;349;Passenger Service Charge -(Domestic/International);RN
350;350;Airport Departure Tax (Domestic/International);RO
351;351;Passenger Service Charge (Domestic/International);RQ
352;352;Passenger Service Charge (Domestic/International);RS
353;353;Departure Tax (Regional);RT
354;354;Sales Tax (Intl) -Russian airlines;RU
355;355;Value Added Tax;RV
356;356;Passenger Service Fee (Domestic/International);RW
357;357;Tourism Tax;RX
358;358;Stamp Tax (Domestic/International);RZ
359;359;Government Ticket Sales Tax (Domestic/International);SB
360;360;Goods and Services Tax (Domestic/International);SC
361;361;Stamp Tax (Domestic/International);SD
362;362;Passenger Service Charge;SG
363;363;Passenger Service Charge;SI
364;364;Embarkation Tax (Domestic/International);SK
365;365;Foreign Travel Tax;SL
366;366;Fiscal Stamp Tax (Domestic/International);SN
367;367;Embarkation Fee (Domestic/International);SP
368;368;Airport Improvement Fee (AIF), (Domestic/International);SQ
369;369;Airport Facility Charge (International);SR
370;370;Public Assistance / Stamp Tax (Domestic/International);ST
371;371;Security Tax (Domestic/International);SU
372;372;Value Added Tax (Individuals);SV
373;373;Passenger Service Facilities Charge (International);SW
374;374;Passenger Service Charge (International);SX
375;375;Stamp Tax (Domestic/International);SY
376;376;Passenger Service Charge (Domestic/International);TA
377;377;Travel Agent Services Fee;TASF
378;378;Goods and Services Tax (Domestic/International);TB
379;379;Passenger Tax / Security Charge;TC
380;380;Embarkation Tax (Domestic/International);TD
381;381;Travel Tax;TG
382;382;Fiscal Stamp Tax (Domestic/International);TI
383;383;International Passenger Airport Tax;TM
384;384;Fiscal Stamp Tax (Domestic/International);TN
385;385;Security Levy and Airport Development Charge;TO
386;386;Security Tax (Domestic/International);TQ
387;387;Airport Service Charge (International);TR
388;388;Passenger Service Charge (Domestic/International);TS
389;389;Value Added Tax;TT
390;390;Passenger Airport Service Charge (International);TU
391;391;Airport Service Charge -Intl;TW
392;392;Tax for Multiple Purpose Document;TX
393;393;Airport Tax (Domestic/International);TZ
394;394;Security Charge -(Domestic/International);UA
395;395;Passenger Service Charge -(Domestic/International);UB
396;396;State Charge -(Domestic/International);UD
397;397;Value Added Tax -Domestic;UE
398;398;Passenger Service Charge -Intl;UF
399;399;Security Charge (Domestic/International);UG
400;400;Security Charge (International);UH
401;401;VAT Adjustment Tax;UI
402;402;Passenger Service Charge (Domestic/International);UJ
403;403;Tourism Tax (Derecho No Inmigrante);UK
404;404;Passenger Service Charge (Domestic/International);UL
405;405;Passenger Service and Security Charge;UM
406;406;Goods and Services Tax (GST);UN
407;407;Goods and Services Tax (GST);UO
408;408;Passenger Charge (Domestic/International);UP
409;409;Pre-Inspection Charge;UQ
410;410;Departure Fee (International);UR
411;411;Transportation Tax (Domestic/International);US
412;412;Foreign Air Travel Tax (FATT);UT
413;413;Airport Tax (Domestic/International) BSL;UU
414;414;Airport Departure Tax (Domestic);UV
415;415;Value Added Tax (Domestic);UW
416;416;Airport Authority Fee;UX
417;417;Ticket Sales Tax;UY
418;418;Airport Departure Tax (Domestic/International);UZ
419;419;Airport Infrastructure Fee;VB
420;420;Government Tax;VC
421;421;Airport Service Charge (Domestic/International);VD
422;422;Tourist Contribution Tax -(Domestic/International);VE
423;423;National Aid Tax (Domestic/International);VF
424;424;Airport Development Fee -International;VG
425;425;Development Tax (Domestic/International);VH
426;426;Special Facility Charge;VJ
427;427;Departure Tax;VL
428;428;Passenger Service Charge (International);VM
429;429;Sales Tax;VN
430;430;Passenger Service Charge;VO
431;431;Tourist Tax;VP
432;432;Airport Service Charge (Domestic);VQ
433;433;Passenger Service Charge (International);VR
434;434;Security Tax (Domestic/International);VS
435;435;Security Charge (Domestic/International);VT
436;436;Departure Fee and Security Charge (International);VU
437;437;Noise Isolation Charge (Domestic/International);VV
438;438;Facilitation Charge (International);VW
439;439;Safety Tax(Domestic/International);VX
440;440;Development Tax (International);VY
441;441;Passenger Service Charge (Domestic/International);VZ
442;442;IVA -Value Added Tax;WA
443;443;Passenger Service Charge (Domestic/International);WB
444;444;Air Passenger Tax;WC
445;445;Travel Tax (International);WD
446;446;Safety and Security Charge (Domestic/International);WG
447;447;Terminal Use Fee (International);WH
448;448;Passenger Service Charge;WI
449;449;Security Charge (International);WJ
450;450;Passenger Facility Charge (Intl);WK
451;451;Passenger Fee (International Transit);WL
452;452;Airport Departure Tax (International);WM
453;453;Passenger Service Charge (Domestic/International);WN
454;454;Passenger Service Fee (Domestic/International);WO
455;455;Passenger Terminal Facilities Charge (Domestic/International);WP
456;456;Passenger Security Charge(Domestic/International);WQ
457;457;Value Added Tax;WS
458;458;Security Fee (Domestic/International);WT
459;459;Departure Tax (International);WU
460;460;Airport Departure Tax (Domestic/International);WV
461;461;Passenger Service Charge (International);WW
462;462;Passenger Levy (Domestic);WX
463;463;Passenger Services Charge -Intl;WY
464;464;Safety Charge (International);WZ
465;465;APHIS User Fee -Passengers;XA
466;466;Value Added Tax (Domestic/International);XB
467;467;Departure Tax (International);XC
468;468;Airport Departure Tax -TUA (International);XD
469;469;Airport Tax (International);XE
470;470;Passenger Facility Charge;XF
471;471;Goods and Services Tax (GST);XG
472;472;Value Added Tax;XH
473;473;Value Added Tax;XJ
474;474;Ticket Issuance Fee;XK
475;475;Stamp Tax (Domestic/International/Excess Baggage);XL
476;476;Transportation Tax -IVA (International);XO
477;477;PTA Service Charge;XP
478;478;Quebec Sales Tax;XQ
479;479;Airport Tax (Domestic/International);XR
480;480;Value Added Tax;XS
481;481;Airport Departure Tax -TUA (Domestic);XV
482;482;Airport Tax (Domestic/International);XW
483;483;Value Added Tax;XX
484;484;Immigration User Fee;XY
485;485;Passenger Charge(Domestic/International);YA
486;486;Value Added Tax;YB
487;487;Customs User Fee;YC
488;488;Tourism Tax;YE
489;489;Value Added Tax;YF
490;490;Security Tax(Domestic/International);YG
491;491;Embarkation Tax (TEBA);YH
492;492;Airport Passenger Charge -(Domestic/International);YK
493;493;Ticket Issuance Fee (Domestic/International);YL
494;494;Luxury Tax (Domestic/International);YN
495;495;Air Passenger Duty (APD), (Domestic/International);YO
496;496;Passenger Service Charge -(Domestic/International);YP
497;497;Airline Fuel and Insurance Surcharge;YQ
498;498;Airline Fuel and Insurance Surcharge/Payment Transaction Fee;YR
499;499;Sales Tax (Domestic/International) = I.V.A.;YS
500;500;Passenger Service Charge (Domestic/International);ZA
501;501;Passenger Service Charge (International);ZB
502;502;Passenger Service Charge (International);ZC
503;503;Passenger Service Charge (International);ZD
504;504;Passenger Service Charge (Domestic/International);ZE
505;505;Passenger Service Charge (Domestic/International);ZG
506;506;Passenger Service Charge (International);ZH
507;507;Passenger Service Charge (International);ZI
508;508;Passenger Service Charge (Domestic/International);ZJ
509;509;Fiscal Stamp Tax (Domestic/International);ZL
510;510;Sales Tax (Domestic);ZM
511;511;Passenger Charge (Domestic/International);ZN
512;512;Passenger Service Charge (Domestic/International);ZO
513;513;Flight Segment Tax (Domestic);ZP
514;514;Airport Facility Charge (International);ZQ
515;515;Value Added Tax;ZS
516;516;Aeronautical Development Charge;ZT
517;517;Passenger Fee (Keflavik);ZU
518;518;Value Added Tax;ZV
519;519;Passenger Fee (Transfer);ZX
520;520;Passenger Service Charge (Domestic/International);ZY
521;521;Billing and Settlement Plan Pseudo Tax Code;ZZ
