id;capital;currency_code;fips_code;country_iso2;country_iso3;continent;country_id;country_name;currency_name;country_iso_numeric;phone_prefix;population
1;Andorra la Vella;EUR;AN;AD;AND;EU;1;Andorra;Euro;20;376;84000
2;Abu Dhabi;AED;AE;AE;ARE;AS;2;United Arab Emirates;Dirham;784;971;4975593
3;Kabul;AFN;AF;AF;AFG;AS;3;Afghanistan;Afghani;4;93;29121286
4;St. John's;XCD;AC;AG;ATG;NA;4;Antigua and Barbuda;Dollar;28;+1-268;86754
5;The Valley;XCD;AV;AI;AIA;NA;5;Anguilla;Dollar;660;+1-264;13254
6;Tirana;ALL;AL;AL;ALB;EU;6;Albania;Lek;8;355;2986952
7;Yerevan;AMD;AM;AM;ARM;AS;7;Armenia;Dram;51;374;2968000
8;Willemstad;ANG;NT;AN;ANT;NA;8;Netherlands Antilles;Guilder;530;599;136197
9;Luanda;AOA;AO;AO;AGO;AF;9;Angola;Kwanza;24;244;13068161
10;;;AY;AQ;ATA;AN;10;Antarctica;;10;;
11;Buenos Aires;ARS;AR;AR;ARG;SA;11;Argentina;Peso;32;54;41343201
12;Pago Pago;USD;AQ;AS;ASM;OC;12;American Samoa;Dollar;16;+1-684;57881
13;Vienna;EUR;AU;AT;AUT;EU;13;Austria;Euro;40;43;8205000
14;Canberra;AUD;AS;AU;AUS;OC;14;Australia;Dollar;36;61;21515754
15;Oranjestad;AWG;AA;AW;ABW;NA;15;Aruba;Guilder;533;297;71566
16;Mariehamn;EUR;;AX;ALA;EU;16;Aland Islands;Euro;248;+358-18;26711
17;Baku;AZN;AJ;AZ;AZE;AS;17;Azerbaijan;Manat;31;994;8303512
18;Sarajevo;BAM;BK;BA;BIH;EU;18;Bosnia and Herzegovina;Marka;70;387;4590000
19;Bridgetown;BBD;BB;BB;BRB;NA;19;Barbados;Dollar;52;+1-246;285653
20;Dhaka;BDT;BG;BD;BGD;AS;20;Bangladesh;Taka;50;880;156118464
21;Brussels;EUR;BE;BE;BEL;EU;21;Belgium;Euro;56;32;10403000
22;Ouagadougou;XOF;UV;BF;BFA;AF;22;Burkina Faso;Franc;854;226;16241811
23;Sofia;BGN;BU;BG;BGR;EU;23;Bulgaria;Lev;100;359;7148785
24;Manama;BHD;BA;BH;BHR;AS;24;Bahrain;Dinar;48;973;738004
25;Bujumbura;BIF;BY;BI;BDI;AF;25;Burundi;Franc;108;257;9863117
26;Porto-Novo;XOF;BN;BJ;BEN;AF;26;Benin;Franc;204;229;9056010
27;Gustavia;EUR;TB;BL;BLM;NA;27;Saint BarthÃ©lemy;Euro;652;590;8450
28;Hamilton;BMD;BD;BM;BMU;NA;28;Bermuda;Dollar;60;+1-441;65365
29;Bandar Seri Begawan;BND;BX;BN;BRN;AS;29;Brunei;Dollar;96;673;395027
30;Sucre;BOB;BL;BO;BOL;SA;30;Bolivia;Boliviano;68;591;9947418
31;;USD;;BQ;BES;NA;31;Bonaire, Saint Eustatius and Saba ;Dollar;535;599;18012
32;Brasilia;BRL;BR;BR;BRA;SA;32;Brazil;Real;76;55;201103330
33;Nassau;BSD;BF;BS;BHS;NA;33;Bahamas;Dollar;44;+1-242;301790
34;Thimphu;BTN;BT;BT;BTN;AS;34;Bhutan;Ngultrum;64;975;699847
35;;NOK;BV;BV;BVT;AN;35;Bouvet Island;Krone;74;;
36;Gaborone;BWP;BC;BW;BWA;AF;36;Botswana;Pula;72;267;2029307
37;Minsk;BYR;BO;BY;BLR;EU;37;Belarus;Ruble;112;375;9685000
38;Belmopan;BZD;BH;BZ;BLZ;NA;38;Belize;Dollar;84;501;314522
39;Ottawa;CAD;CA;CA;CAN;NA;39;Canada;Dollar;124;1;33679000
40;West Island;AUD;CK;CC;CCK;AS;40;Cocos Islands;Dollar;166;61;628
41;Kinshasa;CDF;CG;CD;COD;AF;41;Democratic Republic of the Congo;Franc;180;243;70916439
42;Bangui;XAF;CT;CF;CAF;AF;42;Central African Republic;Franc;140;236;4844927
43;Brazzaville;XAF;CF;CG;COG;AF;43;Republic of the Congo;Franc;178;242;3039126
44;Berne;CHF;SZ;CH;CHE;EU;44;Switzerland;Franc;756;41;7581000
45;Yamoussoukro;XOF;IV;CI;CIV;AF;45;Ivory Coast;Franc;384;225;21058798
46;Avarua;NZD;CW;CK;COK;OC;46;Cook Islands;Dollar;184;682;21388
47;Santiago;CLP;CI;CL;CHL;SA;47;Chile;Peso;152;56;16746491
48;Yaounde;XAF;CM;CM;CMR;AF;48;Cameroon;Franc;120;237;19294149
49;Beijing;CNY;CH;CN;CHN;AS;49;China;Yuan Renminbi;156;86;1330044000
50;Bogota;COP;CO;CO;COL;SA;50;Colombia;Peso;170;57;44205293
51;San Jose;CRC;CS;CR;CRI;NA;51;Costa Rica;Colon;188;506;4516220
52;Belgrade;RSD;YI;CS;SCG;EU;52;Serbia and Montenegro;Dinar;891;381;10829175
53;Havana;CUP;CU;CU;CUB;NA;53;Cuba;Peso;192;53;11423000
54;Praia;CVE;CV;CV;CPV;AF;54;Cape Verde;Escudo;132;238;508659
55; Willemstad;ANG;UC;CW;CUW;NA;55;CuraÃ§ao;Guilder;531;599;141766
56;Flying Fish Cove;AUD;KT;CX;CXR;AS;56;Christmas Island;Dollar;162;61;1500
57;Nicosia;EUR;CY;CY;CYP;EU;57;Cyprus;Euro;196;357;1102677
58;Prague;CZK;EZ;CZ;CZE;EU;58;Czech Republic;Koruna;203;420;10476000
59;Berlin;EUR;GM;DE;DEU;EU;59;Germany;Euro;276;49;81802257
60;Djibouti;DJF;DJ;DJ;DJI;AF;60;Djibouti;Franc;262;253;740528
61;Copenhagen;DKK;DA;DK;DNK;EU;61;Denmark;Krone;208;45;5484000
62;Roseau;XCD;DO;DM;DMA;NA;62;Dominica;Dollar;212;+1-767;72813
63;Santo Domingo;DOP;DR;DO;DOM;NA;63;Dominican Republic;Peso;214;+1-809 and 1-829;9823821
64;Algiers;DZD;AG;DZ;DZA;AF;64;Algeria;Dinar;12;213;34586184
65;Quito;USD;EC;EC;ECU;SA;65;Ecuador;Dollar;218;593;14790608
66;Tallinn;EUR;EN;EE;EST;EU;66;Estonia;Euro;233;372;1291170
67;Cairo;EGP;EG;EG;EGY;AF;67;Egypt;Pound;818;20;80471869
68;El-Aaiun;MAD;WI;EH;ESH;AF;68;Western Sahara;Dirham;732;212;273008
69;Asmara;ERN;ER;ER;ERI;AF;69;Eritrea;Nakfa;232;291;5792984
70;Madrid;EUR;SP;ES;ESP;EU;70;Spain;Euro;724;34;46505963
71;Addis Ababa;ETB;ET;ET;ETH;AF;71;Ethiopia;Birr;231;251;88013491
72;Helsinki;EUR;FI;FI;FIN;EU;72;Finland;Euro;246;358;5244000
73;Suva;FJD;FJ;FJ;FJI;OC;73;Fiji;Dollar;242;679;875983
74;Stanley;FKP;FK;FK;FLK;SA;74;Falkland Islands;Pound;238;500;2638
75;Palikir;USD;FM;FM;FSM;OC;75;Micronesia;Dollar;583;691;107708
76;Torshavn;DKK;FO;FO;FRO;EU;76;Faroe Islands;Krone;234;298;48228
77;Paris;EUR;FR;FR;FRA;EU;77;France;Euro;250;33;64768389
78;Libreville;XAF;GB;GA;GAB;AF;78;Gabon;Franc;266;241;1545255
79;London;GBP;UK;GB;GBR;EU;79;United Kingdom;Pound;826;44;62348447
80;St. George's;XCD;GJ;GD;GRD;NA;80;Grenada;Dollar;308;+1-473;107818
81;Tbilisi;GEL;GG;GE;GEO;AS;81;Georgia;Lari;268;995;4630000
82;Cayenne;EUR;FG;GF;GUF;SA;82;French Guiana;Euro;254;594;195506
83;St Peter Port;GBP;GK;GG;GGY;EU;83;Guernsey;Pound;831;+44-1481;65228
84;Accra;GHS;GH;GH;GHA;AF;84;Ghana;Cedi;288;233;24339838
85;Gibraltar;GIP;GI;GI;GIB;EU;85;Gibraltar;Pound;292;350;27884
86;Nuuk;DKK;GL;GL;GRL;NA;86;Greenland;Krone;304;299;56375
87;Banjul;GMD;GA;GM;GMB;AF;87;Gambia;Dalasi;270;220;1593256
88;Conakry;GNF;GV;GN;GIN;AF;88;Guinea;Franc;324;224;10324025
89;Basse-Terre;EUR;GP;GP;GLP;NA;89;Guadeloupe;Euro;312;590;443000
90;Malabo;XAF;EK;GQ;GNQ;AF;90;Equatorial Guinea;Franc;226;240;1014999
91;Athens;EUR;GR;GR;GRC;EU;91;Greece;Euro;300;30;11000000
92;Grytviken;GBP;SX;GS;SGS;AN;92;South Georgia and the South Sandwich Islands;Pound;239;;30
93;Guatemala City;GTQ;GT;GT;GTM;NA;93;Guatemala;Quetzal;320;502;13550440
94;Hagatna;USD;GQ;GU;GUM;OC;94;Guam;Dollar;316;+1-671;159358
95;Bissau;XOF;PU;GW;GNB;AF;95;Guinea-Bissau;Franc;624;245;1565126
96;Georgetown;GYD;GY;GY;GUY;SA;96;Guyana;Dollar;328;592;748486
97;Hong Kong;HKD;HK;HK;HKG;AS;97;Hong Kong;Dollar;344;852;6898686
98;;AUD;HM;HM;HMD;AN;98;Heard Island and McDonald Islands;Dollar;334; ;
99;Tegucigalpa;HNL;HO;HN;HND;NA;99;Honduras;Lempira;340;504;7989415
100;Zagreb;HRK;HR;HR;HRV;EU;100;Croatia;Kuna;191;385;4491000
101;Port-au-Prince;HTG;HA;HT;HTI;NA;101;Haiti;Gourde;332;509;9648924
102;Budapest;HUF;HU;HU;HUN;EU;102;Hungary;Forint;348;36;9982000
103;Jakarta;IDR;ID;ID;IDN;AS;103;Indonesia;Rupiah;360;62;242968342
104;Dublin;EUR;EI;IE;IRL;EU;104;Ireland;Euro;372;353;4622917
105;Jerusalem;ILS;IS;IL;ISR;AS;105;Israel;Shekel;376;972;7353985
106;Douglas, Isle of Man;GBP;IM;IM;IMN;EU;106;Isle of Man;Pound;833;+44-1624;75049
107;New Delhi;INR;IN;IN;IND;AS;107;India;Rupee;356;91;1173108018
108;Diego Garcia;USD;IO;IO;IOT;AS;108;British Indian Ocean Territory;Dollar;86;246;4000
109;Baghdad;IQD;IZ;IQ;IRQ;AS;109;Iraq;Dinar;368;964;29671605
110;Tehran;IRR;IR;IR;IRN;AS;110;Iran;Rial;364;98;76923300
111;Reykjavik;ISK;IC;IS;ISL;EU;111;Iceland;Krona;352;354;308910
112;Rome;EUR;IT;IT;ITA;EU;112;Italy;Euro;380;39;60340328
113;Saint Helier;GBP;JE;JE;JEY;EU;113;Jersey;Pound;832;+44-1534;90812
114;Kingston;JMD;JM;JM;JAM;NA;114;Jamaica;Dollar;388;+1-876;2847232
115;Amman;JOD;JO;JO;JOR;AS;115;Jordan;Dinar;400;962;6407085
116;Tokyo;JPY;JA;JP;JPN;AS;116;Japan;Yen;392;81;127288000
117;Nairobi;KES;KE;KE;KEN;AF;117;Kenya;Shilling;404;254;40046566
118;Bishkek;KGS;KG;KG;KGZ;AS;118;Kyrgyzstan;Som;417;996;5508626
119;Phnom Penh;KHR;CB;KH;KHM;AS;119;Cambodia;Riels;116;855;14453680
120;Tarawa;AUD;KR;KI;KIR;OC;120;Kiribati;Dollar;296;686;92533
121;Moroni;KMF;CN;KM;COM;AF;121;Comoros;Franc;174;269;773407
122;Basseterre;XCD;SC;KN;KNA;NA;122;Saint Kitts and Nevis;Dollar;659;+1-869;49898
123;Pyongyang;KPW;KN;KP;PRK;AS;123;North Korea;Won;408;850;22912177
124;Seoul;KRW;KS;KR;KOR;AS;124;South Korea;Won;410;82;48422644
125;Kuwait City;KWD;KU;KW;KWT;AS;125;Kuwait;Dinar;414;965;2789132
126;George Town;KYD;CJ;KY;CYM;NA;126;Cayman Islands;Dollar;136;+1-345;44270
127;Astana;KZT;KZ;KZ;KAZ;AS;127;Kazakhstan;Tenge;398;7;15340000
128;Vientiane;LAK;LA;LA;LAO;AS;128;Laos;Kip;418;856;6368162
129;Beirut;LBP;LE;LB;LBN;AS;129;Lebanon;Pound;422;961;4125247
130;Castries;XCD;ST;LC;LCA;NA;130;Saint Lucia;Dollar;662;+1-758;160922
131;Vaduz;CHF;LS;LI;LIE;EU;131;Liechtenstein;Franc;438;423;35000
132;Colombo;LKR;CE;LK;LKA;AS;132;Sri Lanka;Rupee;144;94;21513990
133;Monrovia;LRD;LI;LR;LBR;AF;133;Liberia;Dollar;430;231;3685076
134;Maseru;LSL;LT;LS;LSO;AF;134;Lesotho;Loti;426;266;1919552
135;Vilnius;LTL;LH;LT;LTU;EU;135;Lithuania;Litas;440;370;3565000
136;Luxembourg;EUR;LU;LU;LUX;EU;136;Luxembourg;Euro;442;352;497538
137;Riga;LVL;LG;LV;LVA;EU;137;Latvia;Lat;428;371;2217969
138;Tripolis;LYD;LY;LY;LBY;AF;138;Libya;Dinar;434;218;6461454
139;Rabat;MAD;MO;MA;MAR;AF;139;Morocco;Dirham;504;212;31627428
140;Monaco;EUR;MN;MC;MCO;EU;140;Monaco;Euro;492;377;32965
141;Chisinau;MDL;MD;MD;MDA;EU;141;Moldova;Leu;498;373;4324000
142;Podgorica;EUR;MJ;ME;MNE;EU;142;Montenegro;Euro;499;382;666730
143;Marigot;EUR;RN;MF;MAF;NA;143;Saint Martin;Euro;663;590;35925
144;Antananarivo;MGA;MA;MG;MDG;AF;144;Madagascar;Ariary;450;261;21281844
145;Majuro;USD;RM;MH;MHL;OC;145;Marshall Islands;Dollar;584;692;65859
146;Skopje;MKD;MK;MK;MKD;EU;146;Macedonia;Denar;807;389;2061000
147;Bamako;XOF;ML;ML;MLI;AF;147;Mali;Franc;466;223;13796354
148;Nay Pyi Taw;MMK;BM;MM;MMR;AS;148;Myanmar;Kyat;104;95;53414374
149;Ulan Bator;MNT;MG;MN;MNG;AS;149;Mongolia;Tugrik;496;976;3086918
150;Macao;MOP;MC;MO;MAC;AS;150;Macao;Pataca;446;853;449198
151;Saipan;USD;CQ;MP;MNP;OC;151;Northern Mariana Islands;Dollar;580;+1-670;53883
152;Fort-de-France;EUR;MB;MQ;MTQ;NA;152;Martinique;Euro;474;596;432900
153;Nouakchott;MRO;MR;MR;MRT;AF;153;Mauritania;Ouguiya;478;222;3205060
154;Plymouth;XCD;MH;MS;MSR;NA;154;Montserrat;Dollar;500;+1-664;9341
155;Valletta;EUR;MT;MT;MLT;EU;155;Malta;Euro;470;356;403000
156;Port Louis;MUR;MP;MU;MUS;AF;156;Mauritius;Rupee;480;230;1294104
157;Male;MVR;MV;MV;MDV;AS;157;Maldives;Rufiyaa;462;960;395650
158;Lilongwe;MWK;MI;MW;MWI;AF;158;Malawi;Kwacha;454;265;15447500
159;Mexico City;MXN;MX;MX;MEX;NA;159;Mexico;Peso;484;52;112468855
160;Kuala Lumpur;MYR;MY;MY;MYS;AS;160;Malaysia;Ringgit;458;60;28274729
161;Maputo;MZN;MZ;MZ;MOZ;AF;161;Mozambique;Metical;508;258;22061451
162;Windhoek;NAD;WA;NA;NAM;AF;162;Namibia;Dollar;516;264;2128471
163;Noumea;XPF;NC;NC;NCL;OC;163;New Caledonia;Franc;540;687;216494
164;Niamey;XOF;NG;NE;NER;AF;164;Niger;Franc;562;227;15878271
165;Kingston;AUD;NF;NF;NFK;OC;165;Norfolk Island;Dollar;574;672;1828
166;Abuja;NGN;NI;NG;NGA;AF;166;Nigeria;Naira;566;234;154000000
167;Managua;NIO;NU;NI;NIC;NA;167;Nicaragua;Cordoba;558;505;5995928
168;Amsterdam;EUR;NL;NL;NLD;EU;168;Netherlands;Euro;528;31;16645000
169;Oslo;NOK;NO;NO;NOR;EU;169;Norway;Krone;578;47;5009150
170;Kathmandu;NPR;NP;NP;NPL;AS;170;Nepal;Rupee;524;977;28951852
171;Yaren;AUD;NR;NR;NRU;OC;171;Nauru;Dollar;520;674;10065
172;Alofi;NZD;NE;NU;NIU;OC;172;Niue;Dollar;570;683;2166
173;Wellington;NZD;NZ;NZ;NZL;OC;173;New Zealand;Dollar;554;64;4252277
174;Muscat;OMR;MU;OM;OMN;AS;174;Oman;Rial;512;968;2967717
175;Panama City;PAB;PM;PA;PAN;NA;175;Panama;Balboa;591;507;3410676
176;Lima;PEN;PE;PE;PER;SA;176;Peru;Sol;604;51;29907003
177;Papeete;XPF;FP;PF;PYF;OC;177;French Polynesia;Franc;258;689;270485
178;Port Moresby;PGK;PP;PG;PNG;OC;178;Papua New Guinea;Kina;598;675;6064515
179;Manila;PHP;RP;PH;PHL;AS;179;Philippines;Peso;608;63;99900177
180;Islamabad;PKR;PK;PK;PAK;AS;180;Pakistan;Rupee;586;92;184404791
181;Warsaw;PLN;PL;PL;POL;EU;181;Poland;Zloty;616;48;38500000
182;Saint-Pierre;EUR;SB;PM;SPM;NA;182;Saint Pierre and Miquelon;Euro;666;508;7012
183;Adamstown;NZD;PC;PN;PCN;OC;183;Pitcairn;Dollar;612;870;46
184;San Juan;USD;RQ;PR;PRI;NA;184;Puerto Rico;Dollar;630;+1-787 and 1-939;3916632
185;East Jerusalem;ILS;WE;PS;PSE;AS;185;Palestinian Territory;Shekel;275;970;3800000
186;Lisbon;EUR;PO;PT;PRT;EU;186;Portugal;Euro;620;351;10676000
187;Melekeok;USD;PS;PW;PLW;OC;187;Palau;Dollar;585;680;19907
188;Asuncion;PYG;PA;PY;PRY;SA;188;Paraguay;Guarani;600;595;6375830
189;Doha;QAR;QA;QA;QAT;AS;189;Qatar;Rial;634;974;840926
190;Saint-Denis;EUR;RE;RE;REU;AF;190;Reunion;Euro;638;262;776948
191;Bucharest;RON;RO;RO;ROU;EU;191;Romania;Leu;642;40;21959278
192;Belgrade;RSD;RI;RS;SRB;EU;192;Serbia;Dinar;688;381;7344847
193;Moscow;RUB;RS;RU;RUS;EU;193;Russia;Ruble;643;7;140702000
194;Kigali;RWF;RW;RW;RWA;AF;194;Rwanda;Franc;646;250;11055976
195;Riyadh;SAR;SA;SA;SAU;AS;195;Saudi Arabia;Rial;682;966;25731776
196;Honiara;SBD;BP;SB;SLB;OC;196;Solomon Islands;Dollar;90;677;559198
197;Victoria;SCR;SE;SC;SYC;AF;197;Seychelles;Rupee;690;248;88340
198;Khartoum;SDG;SU;SD;SDN;AF;198;Sudan;Pound;729;249;35000000
199;Stockholm;SEK;SW;SE;SWE;EU;199;Sweden;Krona;752;46;9555893
200;Singapur;SGD;SN;SG;SGP;AS;200;Singapore;Dollar;702;65;4701069
201;Jamestown;SHP;SH;SH;SHN;AF;201;Saint Helena;Pound;654;290;7460
202;Ljubljana;EUR;SI;SI;SVN;EU;202;Slovenia;Euro;705;386;2007000
203;Longyearbyen;NOK;SV;SJ;SJM;EU;203;Svalbard and Jan Mayen;Krone;744;47;2550
204;Bratislava;EUR;LO;SK;SVK;EU;204;Slovakia;Euro;703;421;5455000
205;Freetown;SLL;SL;SL;SLE;AF;205;Sierra Leone;Leone;694;232;5245695
206;San Marino;EUR;SM;SM;SMR;EU;206;San Marino;Euro;674;378;31477
207;Dakar;XOF;SG;SN;SEN;AF;207;Senegal;Franc;686;221;12323252
208;Mogadishu;SOS;SO;SO;SOM;AF;208;Somalia;Shilling;706;252;10112453
209;Paramaribo;SRD;NS;SR;SUR;SA;209;Suriname;Dollar;740;597;492829
210;Juba;SSP;OD;SS;SSD;AF;210;South Sudan;Pound;728;211;8260490
211;Sao Tome;STD;TP;ST;STP;AF;211;Sao Tome and Principe;Dobra;678;239;175808
212;San Salvador;USD;ES;SV;SLV;NA;212;El Salvador;Dollar;222;503;6052064
213;Philipsburg;ANG;NN;SX;SXM;NA;213;Sint Maarten;Guilder;534;599;37429
214;Damascus;SYP;SY;SY;SYR;AS;214;Syria;Pound;760;963;22198110
215;Mbabane;SZL;WZ;SZ;SWZ;AF;215;Swaziland;Lilangeni;748;268;1354051
216;Cockburn Town;USD;TK;TC;TCA;NA;216;Turks and Caicos Islands;Dollar;796;+1-649;20556
217;N'Djamena;XAF;CD;TD;TCD;AF;217;Chad;Franc;148;235;10543464
218;Port-aux-Francais;EUR;FS;TF;ATF;AN;218;French Southern Territories;Euro;260;;140
219;Lome;XOF;TO;TG;TGO;AF;219;Togo;Franc;768;228;6587239
220;Bangkok;THB;TH;TH;THA;AS;220;Thailand;Baht;764;66;67089500
221;Dushanbe;TJS;TI;TJ;TJK;AS;221;Tajikistan;Somoni;762;992;7487489
222;;NZD;TL;TK;TKL;OC;222;Tokelau;Dollar;772;690;1466
223;Dili;USD;TT;TL;TLS;OC;223;East Timor;Dollar;626;670;1154625
224;Ashgabat;TMT;TX;TM;TKM;AS;224;Turkmenistan;Manat;795;993;4940916
225;Tunis;TND;TS;TN;TUN;AF;225;Tunisia;Dinar;788;216;10589025
226;Nuku'alofa;TOP;TN;TO;TON;OC;226;Tonga;Pa'anga;776;676;122580
227;Ankara;TRY;TU;TR;TUR;AS;227;Turkey;Lira;792;90;77804122
228;Port of Spain;TTD;TD;TT;TTO;NA;228;Trinidad and Tobago;Dollar;780;+1-868;1228691
229;Funafuti;AUD;TV;TV;TUV;OC;229;Tuvalu;Dollar;798;688;10472
230;Taipei;TWD;TW;TW;TWN;AS;230;Taiwan;Dollar;158;886;22894384
231;Dodoma;TZS;TZ;TZ;TZA;AF;231;Tanzania;Shilling;834;255;41892895
232;Kiev;UAH;UP;UA;UKR;EU;232;Ukraine;Hryvnia;804;380;45415596
233;Kampala;UGX;UG;UG;UGA;AF;233;Uganda;Shilling;800;256;33398682
234;;USD;;UM;UMI;OC;234;United States Minor Outlying Islands;Dollar;581;1;
235;Washington;USD;US;US;USA;NA;235;United States;Dollar;840;1;310232863
236;Montevideo;UYU;UY;UY;URY;SA;236;Uruguay;Peso;858;598;3477000
237;Tashkent;UZS;UZ;UZ;UZB;AS;237;Uzbekistan;Som;860;998;27865738
238;Vatican City;EUR;VT;VA;VAT;EU;238;Vatican;Euro;336;379;921
239;Kingstown;XCD;VC;VC;VCT;NA;239;Saint Vincent and the Grenadines;Dollar;670;+1-784;104217
240;Caracas;VEF;VE;VE;VEN;SA;240;Venezuela;Bolivar;862;58;27223228
241;Road Town;USD;VI;VG;VGB;NA;241;British Virgin Islands;Dollar;92;+1-284;21730
242;Charlotte Amalie;USD;VQ;VI;VIR;NA;242;U.S. Virgin Islands;Dollar;850;+1-340;108708
243;Hanoi;VND;VM;VN;VNM;AS;243;Vietnam;Dong;704;84;89571130
244;Port Vila;VUV;NH;VU;VUT;OC;244;Vanuatu;Vatu;548;678;221552
245;Mata Utu;XPF;WF;WF;WLF;OC;245;Wallis and Futuna;Franc;876;681;16025
246;Apia;WST;WS;WS;WSM;OC;246;Samoa;Tala;882;685;192001
247;Pristina;EUR;KV;XK;XKX;EU;247;Kosovo;Euro;;;1800000
248;Sanaa;YER;YM;YE;YEM;AS;248;Yemen;Rial;887;967;23495361
249;Mamoudzou;EUR;MF;YT;MYT;AF;249;Mayotte;Euro;175;262;159042
250;Pretoria;ZAR;SF;ZA;ZAF;AF;250;South Africa;Rand;710;27;49000000
251;Lusaka;ZMK;ZA;ZM;ZMB;AF;251;Zambia;Kwacha;894;260;13460305
252;Harare;ZWL;ZI;ZW;ZWE;AF;252;Zimbabwe;Dollar;716;263;11651858
