{
    "name": "ApcheSparkPool",
    "location": "westeurope",
    "properties": {
        "autoPause": {
            "enabled": true,
            "delayInMinutes": 15
        },
        "autoScale": {
            "enabled": true,
            "maxNodeCount": 3,
            "minNodeCount": 3
        },
        "nodeCount": 3,
        "nodeSize": "Small",
        "nodeSizeFamily": "MemoryOptimized",
        "sparkVersion": "3.4",
        "isComputeIsolationEnabled": false,
        "sessionLevelPackagesEnabled": false,
        "customLibraries": [
            {
                "name": "ojdbc8.jar",
                "path": "synapse-intf/libraries/ojdbc8.jar",
                "containerName": "prep",
                "uploadedTimestamp": "0001-01-01T00:00:00+00:00",
                "type": "jar"
            }
        ],
        "annotations": []
    }
}