{
    "now": "2025-10-15T15:02:34.627Z",
    "perfNow": 23899861,
    "diagnosticCorrelation": "16822852-b383-46c2-a6f4-22d7bff7e749",
    "source": "DownloadSupportFiles",
    "environment": {
        "productName": "a365",
        "buildVersion": "25.0820.06",
        "environmentType": 9,
        "resourceName": "synapse-intf",
        "resourceRegion": "westeurope",
        "resourceGroup": "rg_synapse-intf",
        "subscriptionId": "c9fcf3dc-8866-4710-8f70-6d50128d4ba4",
        "sessionId": "Ki/je9r/4A0jpRLm+2xBcv",
        "operationId": "PKh[p",
        "gitType": "live",
        "loggingKey": "4ef63868-dbed-4681-b4b7-1bcabc8c9811"
    },
    "additionalInfo": {
        "selectedResource": "bronze_dv_prep",
        "selectedResourceType": "pipeline"
    }
}