{
    "now": "2025-10-24T12:27:57.732Z",
    "perfNow": 16149508.699999988,
    "diagnosticCorrelation": "205547e8-adb8-4f9b-ae51-01caab35a0c0",
    "source": "DownloadSupportFiles",
    "environment": {
        "productName": "a365",
        "buildVersion": "25.0820.06",
        "environmentType": 9,
        "resourceName": "synapse-intf",
        "resourceRegion": "westeurope",
        "resourceGroup": "rg_synapse-intf",
        "subscriptionId": "c9fcf3dc-8866-4710-8f70-6d50128d4ba4",
        "sessionId": "Ie19zrk63YwjXUs85HwXLr",
        "operationId": "PSlQN",
        "gitType": "live",
        "loggingKey": "009cac9b-8cb1-455d-afbc-f29dfaaea541"
    },
    "additionalInfo": {
        "selectedResource": "bronze_dv_prep",
        "selectedResourceType": "pipeline"
    }
}